{
	"partitions" : [
		{
			"name" : "Top",
			"pins" : [
				{
					"name" : "signal_out",
					"strict" : false
				},
				{
					"name" : "gate_out",
					"strict" : false
				},
				{
					"name" : "M[0]",
					"strict" : false
				},
				{
					"name" : "M[1]",
					"strict" : false
				},
				{
					"name" : "M[2]",
					"strict" : false
				},
				{
					"name" : "M[3]",
					"strict" : false
				},
				{
					"name" : "M[4]",
					"strict" : false
				},
				{
					"name" : "M[5]",
					"strict" : false
				},
				{
					"name" : "M[6]",
					"strict" : false
				},
				{
					"name" : "M[7]",
					"strict" : false
				},
				{
					"name" : "M[8]",
					"strict" : false
				},
				{
					"name" : "M[9]",
					"strict" : false
				},
				{
					"name" : "M[10]",
					"strict" : false
				},
				{
					"name" : "M[11]",
					"strict" : false
				},
				{
					"name" : "M[12]",
					"strict" : false
				},
				{
					"name" : "M[13]",
					"strict" : false
				},
				{
					"name" : "M[14]",
					"strict" : false
				},
				{
					"name" : "M[15]",
					"strict" : false
				},
				{
					"name" : "M[16]",
					"strict" : false
				},
				{
					"name" : "M[17]",
					"strict" : false
				},
				{
					"name" : "M[18]",
					"strict" : false
				},
				{
					"name" : "M[19]",
					"strict" : false
				},
				{
					"name" : "M[20]",
					"strict" : false
				},
				{
					"name" : "M[21]",
					"strict" : false
				},
				{
					"name" : "M[22]",
					"strict" : false
				},
				{
					"name" : "M[23]",
					"strict" : false
				},
				{
					"name" : "M[24]",
					"strict" : false
				},
				{
					"name" : "M[25]",
					"strict" : false
				},
				{
					"name" : "M[26]",
					"strict" : false
				},
				{
					"name" : "M[27]",
					"strict" : false
				},
				{
					"name" : "M[28]",
					"strict" : false
				},
				{
					"name" : "M[29]",
					"strict" : false
				},
				{
					"name" : "N[0]",
					"strict" : false
				},
				{
					"name" : "N[1]",
					"strict" : false
				},
				{
					"name" : "N[2]",
					"strict" : false
				},
				{
					"name" : "N[3]",
					"strict" : false
				},
				{
					"name" : "N[4]",
					"strict" : false
				},
				{
					"name" : "N[5]",
					"strict" : false
				},
				{
					"name" : "N[6]",
					"strict" : false
				},
				{
					"name" : "N[7]",
					"strict" : false
				},
				{
					"name" : "N[8]",
					"strict" : false
				},
				{
					"name" : "N[9]",
					"strict" : false
				},
				{
					"name" : "N[10]",
					"strict" : false
				},
				{
					"name" : "N[11]",
					"strict" : false
				},
				{
					"name" : "N[12]",
					"strict" : false
				},
				{
					"name" : "N[13]",
					"strict" : false
				},
				{
					"name" : "N[14]",
					"strict" : false
				},
				{
					"name" : "N[15]",
					"strict" : false
				},
				{
					"name" : "N[16]",
					"strict" : false
				},
				{
					"name" : "N[17]",
					"strict" : false
				},
				{
					"name" : "N[18]",
					"strict" : false
				},
				{
					"name" : "N[19]",
					"strict" : false
				},
				{
					"name" : "N[20]",
					"strict" : false
				},
				{
					"name" : "N[21]",
					"strict" : false
				},
				{
					"name" : "N[22]",
					"strict" : false
				},
				{
					"name" : "N[23]",
					"strict" : false
				},
				{
					"name" : "N[24]",
					"strict" : false
				},
				{
					"name" : "N[25]",
					"strict" : false
				},
				{
					"name" : "N[26]",
					"strict" : false
				},
				{
					"name" : "frec[0]",
					"strict" : false
				},
				{
					"name" : "frec[1]",
					"strict" : false
				},
				{
					"name" : "frec[2]",
					"strict" : false
				},
				{
					"name" : "frec[3]",
					"strict" : false
				},
				{
					"name" : "frec[4]",
					"strict" : false
				},
				{
					"name" : "frec[5]",
					"strict" : false
				},
				{
					"name" : "frec[6]",
					"strict" : false
				},
				{
					"name" : "frec[7]",
					"strict" : false
				},
				{
					"name" : "frec[8]",
					"strict" : false
				},
				{
					"name" : "frec[9]",
					"strict" : false
				},
				{
					"name" : "frec[10]",
					"strict" : false
				},
				{
					"name" : "frec[11]",
					"strict" : false
				},
				{
					"name" : "frec[12]",
					"strict" : false
				},
				{
					"name" : "frec[13]",
					"strict" : false
				},
				{
					"name" : "frec[14]",
					"strict" : false
				},
				{
					"name" : "frec[15]",
					"strict" : false
				},
				{
					"name" : "frec[16]",
					"strict" : false
				},
				{
					"name" : "frec[17]",
					"strict" : false
				},
				{
					"name" : "frec[18]",
					"strict" : false
				},
				{
					"name" : "frec[19]",
					"strict" : false
				},
				{
					"name" : "frec[20]",
					"strict" : false
				},
				{
					"name" : "frec[21]",
					"strict" : false
				},
				{
					"name" : "frec[22]",
					"strict" : false
				},
				{
					"name" : "frec[23]",
					"strict" : false
				},
				{
					"name" : "frec[24]",
					"strict" : false
				},
				{
					"name" : "frec[25]",
					"strict" : false
				},
				{
					"name" : "frec[26]",
					"strict" : false
				},
				{
					"name" : "frec[27]",
					"strict" : false
				},
				{
					"name" : "frec[28]",
					"strict" : false
				},
				{
					"name" : "frec[29]",
					"strict" : false
				},
				{
					"name" : "frec[30]",
					"strict" : false
				},
				{
					"name" : "frec[31]",
					"strict" : false
				},
				{
					"name" : "frec[32]",
					"strict" : false
				},
				{
					"name" : "frec[33]",
					"strict" : false
				},
				{
					"name" : "frec[34]",
					"strict" : false
				},
				{
					"name" : "frec[35]",
					"strict" : false
				},
				{
					"name" : "frec[36]",
					"strict" : false
				},
				{
					"name" : "frec[37]",
					"strict" : false
				},
				{
					"name" : "frec[38]",
					"strict" : false
				},
				{
					"name" : "frec[39]",
					"strict" : false
				},
				{
					"name" : "frec[40]",
					"strict" : false
				},
				{
					"name" : "frec[41]",
					"strict" : false
				},
				{
					"name" : "frec[42]",
					"strict" : false
				},
				{
					"name" : "frec[43]",
					"strict" : false
				},
				{
					"name" : "frec[44]",
					"strict" : false
				},
				{
					"name" : "frec[45]",
					"strict" : false
				},
				{
					"name" : "frec[46]",
					"strict" : false
				},
				{
					"name" : "frec[47]",
					"strict" : false
				},
				{
					"name" : "frec[48]",
					"strict" : false
				},
				{
					"name" : "frec[49]",
					"strict" : false
				},
				{
					"name" : "frec[50]",
					"strict" : false
				},
				{
					"name" : "frec[51]",
					"strict" : false
				},
				{
					"name" : "frec[52]",
					"strict" : false
				},
				{
					"name" : "frec[53]",
					"strict" : false
				},
				{
					"name" : "frec[54]",
					"strict" : false
				},
				{
					"name" : "frec[55]",
					"strict" : false
				},
				{
					"name" : "frec[56]",
					"strict" : false
				},
				{
					"name" : "frec[57]",
					"strict" : false
				},
				{
					"name" : "frec[58]",
					"strict" : false
				},
				{
					"name" : "frec[59]",
					"strict" : false
				},
				{
					"name" : "frec[60]",
					"strict" : false
				},
				{
					"name" : "frec[61]",
					"strict" : false
				},
				{
					"name" : "sw[2]",
					"strict" : false
				},
				{
					"name" : "sw[3]",
					"strict" : false
				},
				{
					"name" : "sw[6]",
					"strict" : false
				},
				{
					"name" : "sw[7]",
					"strict" : false
				},
				{
					"name" : "sw[5]",
					"strict" : false
				},
				{
					"name" : "sw[1]",
					"strict" : false
				},
				{
					"name" : "sw[0]",
					"strict" : false
				},
				{
					"name" : "sw[4]",
					"strict" : false
				},
				{
					"name" : "clk",
					"strict" : false
				},
				{
					"name" : "rst",
					"strict" : false
				},
				{
					"name" : "signal_in",
					"strict" : false
				},
				{
					"name" : "altera_reserved_tms",
					"strict" : false
				},
				{
					"name" : "altera_reserved_tck",
					"strict" : false
				},
				{
					"name" : "altera_reserved_tdi",
					"strict" : false
				},
				{
					"name" : "altera_reserved_tdo",
					"strict" : false
				}
			]
		}
	]
}